USE clinicaloscedros;

INSERT INTO empleado (id, nombre, imagen, sexo) VALUES
(0, "Indefinido", "", ''),
(1, "German Torres Molina", "", 'M'),
(2, "Daniel Lambiase", "", 'M'),
(3, "Edgardo Bonura", "", 'M'),
(4, "Maibi Vela Jara", "", 'F'),
(5, "Javier De Sensi", "", 'M'),
(6, "Sandra Isasmendi", "", 'F'),
(7, "Maite Miguelez", "", 'F'),
(8, "Enrique Turina", "", 'M'),
(9, "Marcelo Ghione", "", 'M'),
(10, "Andres Rebaudi", "", 'M'),
(11, "Pablo Teran", "", 'M'),
(12, "Oswaldo Hennings", "", 'M'),
(13, "Lidia Tricio", "", 'F'),
(14, "Viviana Valencia", "", 'F'),
(15, "Mariano Ganduglia", "", 'M'),
(16, "Fabricio Ochoa", "", 'M'),
(17, "Horacio Pampin", "", 'M'),
(18, "Miguel Germano", "", 'M'),
(19, "Carlos Meza", "", 'M'),
(20, "Dominguez", "", ''),
(21, "Freddy Pacheco", "", 'M'),
(22, "Hugo D. Tedesco", "", 'M'),
(23, "Jorge Poliak", "", 'M'),
(24, "Liliana Zabala", "", 'F'),
(25, "Natalia Romero", "", 'F'),
(26, "Tomas Mendez", "", 'M'),
(27, "Mariana Pampin", "", 'F'),
(28, "Luis Paredes Chavez", "", 'M'),
(29, "Cristian Cardenas", "", 'M'),
(30, "Carolina Vilches", "", 'F'),
(31, "Andrea Cid", "", 'F'),
(32, "Gustavo Debaise", "", 'M'),
(33, "Marta Garcia", "", 'F'),
(34, "Claudia Efthymiadis", "", 'F'),
(35, "Sonia Hermida", "", 'F'),
(36, "Jose Ernesto Cafaro", "", 'M'),
(37, "Mario Gorno", "", 'M'),
(38, "Vicente Ranieli", "", 'M'),
(39, "Gustavo Galparsoro", "", 'M'),
(40, "Mabel Leidy Tejerina", "", 'F'),
(41, "Carrizo", "", ''),
(42, "Andres Ciccarello", "", 'M'),
(43, "Bernardo Kaltman", "", 'M'),
(44, "Anzaldo Rocha", "", 'M'),
(45, "Gustavo Miranda", "", 'M'),
(46, "Zenon Chumacero Sierra", "", 'M'),
(47, "German Chico", "", 'M'),
(48, "Cristian Sayago Gonzalez", "", 'M'),
(49, "Gonzalo Crespi", "", 'M'),
(50, "Guillermo Benchetrit", "", 'M'),
(51, "Alberto Rodriguez Cetran", "", 'M'),
(52, "Fabiana Fabre", "", 'F'),
(53, "Mariela Penalva", "", 'F'),
(54, "Pablo Aguilera", "", 'M'),
(55, "Victorio Butera", "", 'M'),
(56, "Roberto Talavera", "", 'M'),
(57, "Andrea Zurzolo", "", 'F'),
(58, "Marcos Auche", "", 'M'),
(59, "Walter Otero", "", 'M'),
(60, "Laura Sarasino", "", 'F'),
(61, "Marina Blanco", "", 'F'),
(62, "Mariano Costa", "", ''),
(63, "Luis Guillermo Frank", "", 'M'),
(64, "Luis Molteni", "", 'M'),
(65, "Vanina Poggio", "", 'F'),
(66, "Olga Zodziejko", "", 'F'),
(67, "Mirta Salomon", "", 'F'),
(68, "Felipe Gonzalez La Riva", "", 'M'),
(69, "Carolina Guerra", "", 'F'),
(70, "Gaston Occhionero", "", 'M'),
(71, "Pablo Franconeri", "", 'M'),
(72, "Graciela Ramos", "", 'F'),
(73, "Guadalupe Rocha", "", 'F'),
(74, "Luciana Gibilisco", "", 'F'),
(75, "Di Spagna", "", ''),
(76, "Jorge Borkowski", "", 'M'),
(77, "Federico Dimase", "", 'M'),
(78, "Hernan Piza", "", 'M'),
(79, "Maria Cecilia Ardaris", "", 'F'),
(80, "Silvana Bocca", "", 'F'),
(81, "Johanna Furlan", "", 'F'),
(82, "Florencia Paris", "", 'F'),
(83, "Victoria Mamani", "", 'F'),
(84, "Roxana Roatta", "", 'F'),
(85, "Matias Berger", "", 'M'),
(86, "Rodríguez Cetran", "", 'M'),
(87, "Alejandro Hafez", "", 'M'),
(88, "Vilma Di Pascua", "", 'F'),
(89, "Marisa Flores", "", 'F'),
(90, "Nicolas D’Agostino", "", 'M'),
(91, "Jannet Chacon", "", 'F'),
(92, "Alejandro García Escudero", "", 'M'),
(93, "Alberto Marani", "", 'M'),
(94, "Maximo Zimerman", "", 'M'),
(95, "Juan D. Bonello", "", 'M'),
(96, "Jorge Borkowsky", "", 'M'),
(97, "Amelia Galli", "", 'F');

INSERT INTO autoridad (id, idEmpleado, cargo, cv) VALUES
(1, 86, "Director General", ''),
(2, 17, "Director Medico", ''),
(3, 87, "Director Administrativo", ''),
(4, 88, "Jefa de Recursos Humanos", ''),
(5, 22, "Gerencia Médica", ''),
(6, 89, "Coordinación General", ''),
(7, 90, "Coordinación de Terapia Intensiva", ''),
(8, 91, "Jefa de Servicio de Emergencias", ''),
(9, 92, "Jefe de Servicio de Hemodinamia", ''),
(10, 63, "Jefe de Servicio de Cirugía Cardiovascular", ''),
(11, 93, "Jefe De Servicio de Cardiología", ''),
(12, 50, "Jefe de Servicio de Infectologia", ''),
(13, 94, "Jefe de Servicio de Rehabilitación", ''),
(14, 27, "Jefe de Servicio de Ginecologia y Obstetricia", ''),
(15, 95, "Jefe de Servicio de Pediatria", ''),
(16, 96, "Jefe de Servicio de Hemoterapia", ''),
(17, 0, "Jefe de Servicio de Neurología", ""),
(18, 0, "Jefe de Servicio de Neurocirugía", ""),
(19, 0, "Jefe de Servicio de Cirugía", ""),
(20, 0, "Jefe de Servicio de Neumonología", ""),
(21, 0, "Jefe de Servicio de Diagnostico por Imagen", ""),
(22, 0, "Jefe de Servicio de Urologia", ""),
(23, 0, "Jefe de Servicio de Traumatología", ""),
(24, 0, "Jefe de Cirugía de Torax", ""),
(25, 97, "Jefe de Servicio de Laboratorio", ''),
(26, 0, "Jefe de Servicio de Bacteriología", ""),
(27, 0, "Jefe de Servicio de Endoscopia Digestiva", ""),
(28, 0, "Jefe de Servicio de Oncologia", ""),
(29, 0, "Jefe de Servicio de Fibrobroncoscopia", ""),
(30, 0, "Jefe de Servicio de Kinesiologia", "");

INSERT INTO doctor (id, idEmpleado) VALUES
(0, 0),
(1, 1),
(2, 2),
(3, 3),
(4, 4),
(5, 5),
(6, 6),
(7, 7),
(8, 8),
(9, 9),
(10, 10),
(11, 11),
(12, 12),
(13, 13),
(14, 14),
(15, 15),
(16, 16),
(17, 17),
(18, 18),
(19, 19),
(20, 20),
(21, 21),
(22, 22),
(23, 23),
(24, 24),
(25, 25),
(26, 26),
(27, 27),
(28, 28),
(29, 29),
(30, 30),
(31, 31),
(32, 32),
(33, 33),
(34, 34),
(35, 35),
(36, 36),
(37, 37),
(38, 38),
(39, 39),
(40, 40),
(41, 41),
(42, 42),
(43, 43),
(44, 44),
(45, 45),
(46, 46),
(47, 47),
(48, 48),
(49, 49),
(50, 50),
(51, 51),
(52, 52),
(53, 53),
(54, 54),
(55, 55),
(56, 56),
(57, 57),
(58, 58),
(59, 59),
(60, 60),
(61, 61),
(62, 62),
(63, 63),
(64, 64),
(65, 65),
(66, 66),
(67, 67),
(68, 68),
(69, 69),
(70, 70),
(71, 71),
(72, 72),
(73, 73),
(74, 74),
(75, 75),
(76, 76),
(77, 77),
(78, 78),
(79, 79),
(80, 80),
(81, 81),
(82, 82),
(83, 83),
(84, 84),
(85, 85),
(86, 89),
(87, 90),
(88, 91),
(89, 92),
(90, 93),
(91, 94),
(92, 95),
(93, 96),
(94, 97);

INSERT INTO categoria (id, nombre, descripcion) VALUES
(1, 'Sala de espera', 'Áreas de internación con amplia iluminación y cómoda accesibilidad para todo tipo de pacientes.'),
(3, 'Habitaciones', 'Las suites de internación disponen con aire acondicionado, televisión satelital, Wifi y comodidades para acompañantes.'),
(4, 'Edificio', 'Clínica Los Cedros de tapiales ofrece una infraestructura de de 4 plantas totalmente renovados.\r\nPosee 5 sectores de internación clínica, quirúrgica y de obstetricia.'),
(6, 'Consultorios', 'Consultorios equipados con tecnología de última generación requerida por cada especialidad, contando con equipamiento ginecológico, cardiológico, kinesiológico, etc.'),
(7, 'Equipamiento técnico', 'Equipamiento de primera. Área con nuevo tomógrafo helicoideal funcionando las 24hs.'),
(8, 'Laboratorio', 'Laboratorio equipado con tecnología moderna, realizando análisis clínicos y bacteriológicos.'),
(9, 'Pediatría', 'Guardias pediátricas equipadas con juegos y entretenimientos para los más chicos.');

INSERT INTO especialidad (id, nombre) VALUES
(1, 'Alergia y Neumología'),
(2, 'Anestesiología Cardiovascular'),
(3, 'Cirugía Cabeza y Cuello'),
(4, 'Cirugía General <b>(guardia permanente)</b>'),
(5, 'Cirugía Infantil'),
(6, 'Cirugía Plástica Reparadora'),
(7, 'Cirugía Vascular'),
(8, 'Clínica Médica <b>(guardia permanente)</b>'),
(9, 'Columna'),
(10, 'Diabetes y Nutrición'),
(11, 'Dietología'),
(12, 'Dermatología'),
(13, 'Ecografías <b>(guardia permanente)</b>'),
(14, 'Endocrinología'),
(15, 'Especialista en Flebología'),
(16, 'Gastroenterología'),
(17, 'Ginecología y obstetricia <b>(guardia permanente)</b>'),
(18, 'Hematología'),
(19, 'Infectología'),
(20, 'Nefrología'),
(21, 'Neumonología'),
(22, 'Neurocirugía'),
(23, 'Neurología'),
(24, 'Obstetricia'),
(25, 'Oftalmología'),
(26, 'Otorrinolaringología'),
(27, 'Patología Mamaria'),
(28, 'Pediatría <b>(guardia permanente)</b>'),
(29, 'Reumatología'),
(30, 'Traumatología <b>(guardia permanente)</b>'),
(31, 'Urología'),
(32, 'Cardiología'),
(33, 'Fonoaudilogía'),
(34, 'Cirugía Torácica'),
(35, 'Cardiología Infantil'),
(36, 'Oncología'),
(37, 'Fibrobroncospía');

INSERT INTO cobertura (id, nombre, imagen) VALUES
(1, "Valmed", "valmed.png"),
(2, "Suterh Osperyh", "suterh-osperyh.png"),
(3, "Osrja", "osrja.png"),
(4, "Ospiv", "ospiv.png"),
(5, "Ioma", "ioma.png"),
(6, "Cover Salud", "cover-salud.png"),
(7, "Bristol Medicine", "bristol-medicine.png"),
(8, "Asmepriv", "asmepriv.png"),
(9, "Scientis Medical", "scientis-medical.jpg"),
(10, "Ospjn", "ospjn.jpg"),
(11, "Ospia", "ospia.jpg"),
(12, "Ospeca", "ospeca.jpg"),
(13, "Ospa", "ospa.jpg"),
(14, "Osecac", "osecac.jpg"),
(15, "Galeno", "galeno.jpg"),
(16, "Ensalud", "ensalud.jpg"),
(17, "Comisarios Navales", "comisarios-navales.jpg"),
(18, "Circulo Medico Matanza", "circulo-medico-matanza.jpg"),
(19, "Activa Salud", "activa-salud.jpg"),
(20, "Osmecon", "osmecon.gif");

INSERT INTO servicio (id, nombre, descripcion, idDoctor) VALUES
(1, "Servicio de Guardia", "La Guardia Externa cuenta con 5 amplios consultorios y funciona las 24hs los 365 días del año. Cuenta además con 6 puestos de Observación, 4 camas de hospital de día y Shock-room.", 88),
(2, "Servicio de Internación", "El servicio cuenta con 140 camas. Todas las camas están ubicadas en habitaciones con baño privado, aire acondiconado frío / calor de regulación individual, TV por cable en pantallas de LCD.", 86),
(3, "Terapia Intensiva Polivalente", "El Sanatorio cuenta con 26 camas destinadas a la Alta  Complejidad Médica, esto es, Terapia Intensiva de Adultos, Unidad De Cuidados Especiales, Recuperación de Cirugía Cardiovascular.", 87),
(4, "Unidad de Cuidados Especiales", "", 0),
(5, "Centro Quirúgico", "Contamos con cinco quirófanos de moderna tecnología en donde se realizan todo tipo de intervenciones quirúrgicas tanto ambulatorias como las que requieren internación.", 0),
(6, "Servicio de Hemodinamia", "Cuenta con 1 salas de Hemodinamia de última generación con angiógrafo de alta resolución con detectores planos (Flat Detector) que permiten adquirir imágenes en forma digital de las arterias del corazón, sistema nervioso central y de la vasculatura periférica facilitando la realización de estudios diagnósticos y terapéuticos con imágenes de alta calidad. El área cuenta con sala de recuperación.", 89),
(7, "Servicio de Cirugía Cardiovascular", "Contamos con una sala de recuperación perioperatoria especializada, con personal médico y paramédico altamente entrenado y un soporte multidiciplinario (Enfermería, Kinesiología, Nefrología, Infectología, Neumonología, etc) que nos permite ofrecerle una atención jerarquizada de acuerdo a las características individuales de cada paciente.", 63),
(8, "Servicio de Neurorehabilitación", "En nuestro centro de Neurorehabilitación ofrecemos y utilizamos diferentes métodos y tratamientos dependiendo del tipo de paciente. En el caso de las lesiones neurológicas el paciente pasa por una fase aguda en la cual necesita de unas atenciones médicas, a menudo hospitalarias, para estabilizarse clínicamente. Una vez superada esta fase, que pude durar desde unos meses hasta más de un año, el paciente puede retornar a su domicilio y es en ése momento donde puede asistir al centro a fin de recibir rehabilitación de forma ambulatoria. Después la valoración inicial, que es realizada por todos los servicios, se planifica un plan de rehabilitación integral en nuestro centro. Mayoritariamente atendemos pacientes que han sufrido las siguientes afectaciones neurológicas: Traumatismo cráneo-encefálico, Lesiones medulares (traumáticas, tumorales, víricas…), Ictus (accidentes vasculares cerebrales), Patología tumoral cerebral, Encefalitis, Lesiones de plexos y de nervios periféricos, Parálisis cerebral, Enfermedades Neurodegenerativas.", 91),
(9, "Servicio de Diagnóstico por Imagen", "Cuenta con un sistema de Integración digital de todos sus equipos lo que permite, de forma ágil y sencilla, que los estudios realizados estén disponibles rápidamente en las diferentes áreas del sanatorio para que los médicos solicitantes puedan visualizarlos en forma inmediata a su realización.", 0),
(10, "Laboratorio", "El laboratorio de análisis clínico se encuentra absolutamente robotizado e informatizado y son el resultado de la búsqueda constante de nuevas metodologías más sensibles, específicas y eficientes para procesar mayor volumen de muestras en el menor tiempo posible.", 94);
-- (11, "Servicio de Radiología", "Estudios simples y contrastados con guardias permanentes las 24 hs.", 30),
-- (12, "Servicio de Hemodiálisis", "", 16);

INSERT INTO instalacion (id, nombre, imagen, descripcion, idCategoria) VALUES
(1, 'Instalaciones internas', 'edificio-11.jpg', 'a', 4),
(2, 'Edificio 2', 'edificio-2.jpg', 'a', 4),
(3, 'edificio 3', 'edificio-3.jpg', 'a', 4),
(4, 'Consultorios', 'consultorios-1.jpg', 'a', 6),
(5, 'Consultorios 2', 'consultorios-2.jpg', 'a', 6),
(6, 'Equipamiento', 'equipamiento-tecnico-1.jpg', 'a', 7),
(7, 'Equipamiento 2', 'equipamiento-tecnico-2.jpg', 'a', 7),
(8, 'Equipamiento 3', 'equipamiento-tecnico-3.jpg', 'a', 7),
(11, 'Equipamiento 4', 'equipamiento-tecnico-4.jpg', 'a', 7),
(12, 'Equipamiento 5', 'equipamiento-tecnico-5.jpg', 'a', 7),
(13, 'Equipamiento 6', 'equipamiento-tecnico-6.jpg', 'a', 7),
(14, 'Equipamiento 7', 'equipamiento-tecnico-7.jpg', 'a', 7),
(16, 'Equipamiento 8', 'equipamiento-tecnico-9.jpg', 'a', 7),
(17, 'Equipamiento 10', 'equipamiento-tecnico-10.jpg', 'a', 7),
(18, 'Equipamiento 11', 'equipamiento-tecnico-11_1.jpg', 'a', 7),
(19, 'Equipamiento 12', 'equipamiento-tecnico-11_2.jpg', 'a', 7),
(20, 'Habitaciones', 'habitaciones-0.jpg', 'a', 3),
(21, 'Habitaciones 2', 'habitaciones-1.jpg', 'a', 3),
(22, 'Habitaciones 3', 'habitaciones-2.jpg', 'a', 3),
(23, 'Habitaciones 4', 'habitaciones-3.jpg', 'a', 3),
(24, 'Habitaciones 5', 'habitaciones-4.jpg', 'a', 3),
(25, 'Habitaciones 6', 'habitaciones-5.jpg', 'a', 3),
(26, 'Habitaciones 7', 'habitaciones-6.jpg', 'a', 3),
(27, 'Laboratorio', 'laboratorio-1.jpg', 'a', 8),
(28, 'Laboratorio 2', 'laboratorio-2.jpg', 'a', 8),
(29, 'Laboratorio 3', 'laboratorio-3.jpg', 'a', 8),
(30, 'Pediatría', 'pediatria-1.jpg', 'a', 9),
(31, 'Pediatría 2', 'pediatria-2.jpg', 'a', 9),
(32, 'Pediatría 3', 'pediatria-3.jpg', 'a', 9),
(33, 'Sala de espera', 'sala-de-espera-0_1.jpg', 'a', 1),
(34, 'Sala de espera 2', 'sala-de-espera-0_2.jpg', 'a', 1),
(35, 'Sala de espera 3', 'sala-de-espera-0.jpg', 'a', 1),
(36, 'Sala de espera 4', 'sala-de-espera-1.jpg', 'a', 1),
(37, 'Sala de espera 5', 'sala-de-espera-2.jpg', 'a', 1),
(38, 'Sala de espera 6', 'sala-de-espera-3.jpg', 'a', 1),
(39, 'Sala de espera 7', 'sala-de-espera-4.jpg', 'a', 1),
(40, 'Sala de espera 8', 'sala-de-espera-5.jpg', 'a', 1);

INSERT INTO usuario (id, nombre, usuario, pass) VALUES
(1, 'admin', 'admin', '$2y$10$KQtA15QKnavtmeIFOoqyFeOFL7APjWeTZXQBTMN5Hnxu6ukUujuOe');

INSERT INTO doctorXEspecialidad (id, idEspecialidad, idDoctor) VALUES
(18, 32, 1),
(19, 32, 2),
(20, 32, 3),
(21, 32, 4),
(22, 32, 5),
(23, 32, 6),
(24, 24, 7),
(25, 31, 8),
(26, 31, 9),
(27, 31, 10),
(28, 31, 11),
(29, 31, 12),
(30, 1, 13),
(31, 1, 14),
(32, 4, 15),
(33, 4, 16),
(34, 4, 17),
(35, 4, 18),
(36, 4, 19),
(37, 4, 20),
(38, 4, 21),
(39, 21, 22),
(40, 21, 23),
(41, 21, 24),
(42, 17, 25),
(43, 17, 26),
(44, 17, 27),
(45, 17, 28),
(46, 17, 29),
(47, 17, 30),
(48, 28, 31),
(49, 28, 32),
(50, 10, 33),
(51, 10, 34),
(52, 10, 35),
(53, 26, 37),
(54, 26, 36),
(56, 14, 38),
(57, 14, 39),
(58, 10, 40),
(59, 25, 41),
(60, 30, 42),
(61, 30, 43),
(62, 30, 44),
(63, 30, 45),
(64, 30, 46),
(65, 30, 47),
(66, 30, 48),
(67, 29, 49),
(68, 19, 50),
(69, 8, 51),
(70, 8, 52),
(71, 8, 53),
(72, 23, 54),
(73, 23, 55),
(74, 23, 56),
(75, 33, 57),
(77, 35, 58),
(78, 20, 60),
(79, 20, 61),
(80, 36, 62),
(81, 7, 63),
(82, 7, 64),
(83, 12, 65),
(84, 12, 66),
(85, 12, 67),
(86, 22, 68),
(87, 22, 69),
(88, 22, 70),
(89, 10, 71),
(90, 10, 72),
(91, 10, 73),
(92, 10, 74),
(93, 18, 75),
(94, 18, 76),
(95, 18, 77),
(96, 37, 78),
(97, 3, 79),
(98, 3, 80),
(99, 6, 81),
(100, 16, 82),
(101, 16, 83),
(102, 16, 84),
(103, 5, 85);
